{"training_loss":0.011525469861470647,"training_time":6.522216320037842,"_timestamp":1.7309008719193356e+09,"_runtime":0.8804536,"_step":0,"_wandb":{"runtime":89}}