{"_wandb":{"runtime":7},"training_time":6.4241228103637695,"_timestamp":1.730977095378334e+09,"_runtime":0.9607541,"_step":0,"training_loss":NaN}