{"_runtime":0.7852224,"_step":0,"training_loss":NaN,"training_time":6.219680309295654,"_timestamp":1.7309769943751864e+09,"_wandb":{"runtime":98}}