{"_wandb":{"runtime":8},"training_loss":0.013618114378029515,"training_time":5.802562475204468,"_timestamp":1.7309657088954606e+09,"_runtime":0.8443208,"_step":0}