{"_wandb":{"runtime":7},"training_time":6.617786645889282,"_timestamp":1.7309767545963178e+09,"_runtime":0.7768612,"_step":0,"training_loss":156.7010164295435}