{"_runtime":0.8840066,"_step":0,"_wandb":{"runtime":142},"training_loss":0.011592293894913766,"training_time":8.454607963562012,"_timestamp":1.7309007110712135e+09}