{"_wandb":{"runtime":7},"training_loss":0.0023447634925722496,"training_time":55.82001519203186,"_timestamp":1.730976585746079e+09,"_runtime":1.1005383,"_step":0}