{"_runtime":0.7920535,"_step":0,"_wandb":{"runtime":7},"training_loss":NaN,"training_time":6.847222089767456,"_timestamp":1.730977146665064e+09}