{"_wandb":{"runtime":8},"training_loss":0.014197955441776659,"training_time":9.218814849853516,"_timestamp":1.7309653130551503e+09,"_runtime":1.5727871,"_step":0}