{"training_loss":0.013320677694522413,"training_time":6.56734824180603,"_wandb":{"runtime":1067},"_timestamp":1.7309028200426347e+09,"_runtime":883.3137127,"_step":1}