{"training_loss":0.01174092885305788,"training_time":6.064448833465576,"_timestamp":1.730901825579129e+09,"_runtime":0.8417467,"_step":0,"_wandb":{"runtime":7}}