{"_timestamp":1.7309011182413516e+09,"_runtime":1.1076643,"_step":0,"training_loss":0.01212442786599891,"_wandb":{"runtime":10},"training_time":6.363175868988037}