{"training_loss":0.012289969629417037,"training_time":6.668458938598633,"_timestamp":1.7309006534375622e+09,"_runtime":1.3299729,"_step":0,"_wandb":{"runtime":9}}