{"_wandb":{"runtime":23},"_step":0,"training_loss":0.023214162311526794,"training_time":6.222089767456055,"_timestamp":1.7309767292519257e+09,"_runtime":0.8040528}