{"_timestamp":1.7309703161030686e+09,"_wandb":{"runtime":6267},"_runtime":0.7885366,"_step":0,"training_loss":0.002798123503731757,"training_time":55.83651518821716}