{"_runtime":0.7868727,"_step":0,"_wandb":{"runtime":7},"training_loss":0.0038529263655683746,"training_time":6.16168999671936,"_timestamp":1.7309665551375709e+09}