{"_wandb":{"runtime":7},"_runtime":1.1114579,"_step":0,"training_loss":0.012533764652114202,"training_time":6.71053671836853,"_timestamp":1.730900964597295e+09}