{"_runtime":0.9962399,"_step":0,"_wandb":{"runtime":171},"training_loss":0.02654487300114721,"training_time":6.369114398956299,"_timestamp":1.7309663814265332e+09}