{"training_time":7.486249685287476,"_timestamp":1.7309699625855913e+09,"_runtime":0.7389756,"_step":0,"_wandb":{"runtime":7},"training_loss":0.024556405772854513}