{"_wandb":{"runtime":56},"training_loss":0.02679862283769123,"training_time":5.904583930969238,"_timestamp":1.7309701427081354e+09,"_runtime":0.7853275,"_step":0}