{"training_loss":0.0130324376058694,"training_time":6.031867504119873,"_timestamp":1.7309010204797325e+09,"_wandb":{"runtime":95},"_runtime":1.7060336,"_step":0}