{"training_loss":0.024897793405532144,"_wandb":{"runtime":160},"training_time":6.71653413772583,"_timestamp":1.7309699800603683e+09,"_runtime":0.9873125,"_step":0}