{"training_time":6.927530765533447,"_timestamp":1.730976805393212e+09,"_wandb":{"runtime":124},"_runtime":0.7726232,"_step":0,"training_loss":0.023916670525264038}