{"training_time":6.522913694381714,"_timestamp":1.7309656945203898e+09,"_runtime":9.9234066,"_step":0,"_wandb":{"runtime":21},"training_loss":0.012959363219131118}