{"_wandb":{"runtime":684},"_timestamp":1.7309011383101995e+09,"_runtime":1.1603475,"_step":0,"training_loss":0.011975694733429859,"training_time":7.736066579818726}