{"_step":0,"training_loss":0.003681799816171536,"training_time":7.559908628463745,"_wandb":{"runtime":8},"_timestamp":1.7309671983629396e+09,"_runtime":1.0574721}