{"training_time":6.232875347137451,"_wandb":{"runtime":7},"_timestamp":1.7309008561756535e+09,"_runtime":0.7623666,"_step":0,"training_loss":0.012191740534242181}