{"_timestamp":1.7309769324338746e+09,"_runtime":0.9821249,"_step":0,"training_loss":NaN,"training_time":6.615236282348633,"_wandb":{"runtime":7}}