{"_wandb":{"runtime":8},"_step":0,"training_loss":NaN,"training_time":6.223200082778931,"_timestamp":1.7309771365151744e+09,"_runtime":0.8266533}