{"_step":0,"training_loss":0.024716814207043247,"training_time":6.700737237930298,"_wandb":{"runtime":24},"_timestamp":1.7309699362288926e+09,"_runtime":0.8229067}